Subgroups,k,Estimate,CI_lower,CI_upper,tau2,I2,Q,Q_df,Q_p
disorganized symptoms,6,1.027277392,1.009876657,1.04497795,9.89E-07,0.190904042,5.520756952,5,0.355675174
GAF,5,0.81628615,0.567702718,1.173718318,0.171101563,99.84216777,3551.202654,4,0
negative symptoms: HR,3,1.029506076,0.906597177,1.169077941,0,0,0.544938681,2,0.761496776
negative symptoms: OR,6,1.026347441,0.96998503,1.085984874,0.003809319,94.66503953,40.32467272,5,1.28E-07
positive symptoms: HR,3,0.994750557,0.821870255,1.203996208,0,0,0.04580528,2,0.977357635
positive symptoms: OR,4,1.075818464,0.964829684,1.199574791,0.009684621,85.18273992,14.21546123,3,0.002626071
